ts_ms,cache,ttfb_ms,bytes,model,hash
1756165442121,api,731,509537,eleven_flash_v2,b71ed4ace4904fa89d408cc626ed72a06c5ae25c
1756168648808,api,605,294706,eleven_flash_v2,a8430021244405fe537a9937983b45bf14be4acb
1756169463441,disk,0,294706,eleven_flash_v2,a8430021244405fe537a9937983b45bf14be4acb
1756169472357,mem,0,294706,eleven_flash_v2,a8430021244405fe537a9937983b45bf14be4acb
1756170002926,api,608,278405,eleven_flash_v2,1b21a27d4f23cb1dee513fde266c304eb9281514
1756170008053,mem,0,278405,eleven_flash_v2,1b21a27d4f23cb1dee513fde266c304eb9281514
1756170009664,mem,0,278405,eleven_flash_v2,1b21a27d4f23cb1dee513fde266c304eb9281514
1756172307032,disk,0,278405,eleven_flash_v2,1b21a27d4f23cb1dee513fde266c304eb9281514
1756177201548,disk,0,278405,eleven_flash_v2,1b21a27d4f23cb1dee513fde266c304eb9281514
1756177716220,disk,0,278405,eleven_flash_v2,1b21a27d4f23cb1dee513fde266c304eb9281514
1756234674004,api,929,17181,eleven_turbo_v2,6c6a81c30fede03cf99d53d2c56d0cbe97afd7ff
1756248627052,api,1133,21360,eleven_turbo_v2,840a16268d4dc02e448f3095fbb734ab5e2aeb94
1756248721529,api,1036,7621112,eleven_turbo_v2,d373d7d4ab2475b4be67fe1b765eecc7b121972d
1756248731654,mem,0,7621112,eleven_turbo_v2,d373d7d4ab2475b4be67fe1b765eecc7b121972d
1756248816901,api,523,0,eleven_turbo_v2,aaf882033822f44cd9295f3ab8956a7b1d86ab41
1756248828945,api,544,0,eleven_turbo_v2,aaf882033822f44cd9295f3ab8956a7b1d86ab41
1756252642567,api,776,152182,eleven_turbo_v2,b729db3f07d403fb1303038bc31387afdd8ecf98
1756253190991,disk,0,152182,eleven_turbo_v2,b729db3f07d403fb1303038bc31387afdd8ecf98
1756255322743,disk,0,152182,eleven_turbo_v2,b729db3f07d403fb1303038bc31387afdd8ecf98
1756256654401,api,1046,1164061,eleven_turbo_v2,3f3b28724e2438220e2b6de6fdd8a56def88174b
1756256701106,api,792,1171584,eleven_turbo_v2,35ea5562c85eacb919a6028043e5a0e103f68b5c
1756320061146,api,1088,8192,eleven_turbo_v2,b33f97a65fc14e0e743828bde0c79eeeb4e77e16
1756320088233,mem,0,8192,eleven_turbo_v2,b33f97a65fc14e0e743828bde0c79eeeb4e77e16
1756320254916,mem,0,8192,eleven_turbo_v2,b33f97a65fc14e0e743828bde0c79eeeb4e77e16
1756323190942,disk,0,8192,eleven_turbo_v2,b33f97a65fc14e0e743828bde0c79eeeb4e77e16
1756324419797,api,4121,0,eleven_turbo_v2,aa65c4f6b3a580ecdd657e1554eff330eec4e0ba
1756325231161,api,1099,5636096,eleven_turbo_v2,23b99b4e6d3b1f19767987a0b088ddc07497dfb2
1756325258133,api,839,1129370,eleven_turbo_v2,aac6f16064aca0af1f654f305e2bd32d86e699b2
1756325261906,api,741,1216306,eleven_turbo_v2,de9d2acaa8773f49e76c5592a3f85930fcf42b78
1756325265758,api,751,1281089,eleven_turbo_v2,2404370c492d7caf4fd43ba07cd805178810e647
1756325269326,api,761,1129370,eleven_turbo_v2,a1149da53d7b385a305b805e7e9e2f11cccfd990
1756325272898,api,689,1156120,eleven_turbo_v2,ea0147afb9f59b6e21d5d8d505c794cf89326b21
1756325276076,api,676,1037837,eleven_turbo_v2,629b22367865a8cb96c1654c96d62cce3a21769f
1756325279522,api,633,1084649,eleven_turbo_v2,ed7509e38f87ecc34a63977715a7619b01174103
1756325282753,api,707,975561,eleven_turbo_v2,4852f4288508f5b28220a238911eaeceeb1eceec
1756325286014,api,641,1083813,eleven_turbo_v2,bf5f66b2a415eb2952344396422971e7c7618a54
1756325289299,api,665,1003565,eleven_turbo_v2,81f02720438633d0b99a2caf7968dbb2f0d4ff72
1756325292577,api,647,1026134,eleven_turbo_v2,70f2677619c4c56d7a9a60d2825c74c9371376c6
1756325295716,api,647,954663,eleven_turbo_v2,7468f77fbd6dfd65027d8040177723a27aa9d5c0
1756325299031,api,716,1048286,eleven_turbo_v2,078df66b84c4ef6b76d6efa94227d000a8d9372a
1756325302815,api,696,1069184,eleven_turbo_v2,c987791eafb9b3cf09428c0c092d3cfb6c5915b6
1756325306044,api,699,1013596,eleven_turbo_v2,3dbad8b5667a7af4c1a230cb6bca470bc597449d
1756325306190,api,821,1020283,eleven_turbo_v2,2bf9b1fe7d6281ba3f42e1aec13b9cda6ca7ea1b
1756325309524,api,780,1100531,eleven_turbo_v2,79eca00898eb732dd2952903d504099556f0644c
1756325310342,api,785,1094262,eleven_turbo_v2,dbd36e3135121763cfa71652b0828fe474b18f19
1756325312940,api,745,1068348,eleven_turbo_v2,04a2368032285a3cfacd082985be902a8c75e6b7
1756325314041,api,760,1118085,eleven_turbo_v2,7b49895b3c405337ca536c91317ed8bd759313f9
1756325316234,api,655,1058735,eleven_turbo_v2,75a71816bb96f31cf4d4e50ceef81152fe4bbf5b
1756325317364,api,722,1059571,eleven_turbo_v2,359aa21f11bd87d4662314f493ee1c2a944b24dd
1756325319650,api,801,1078797,eleven_turbo_v2,61b98b061cb2e63c7b195c3ce2f950b9e59dfde1
1756325320549,api,761,1033658,eleven_turbo_v2,31f24ec3986eff22cbfc7d5cf7f5678218f94204
1756325322694,api,800,936691,eleven_turbo_v2,77d386848d39c4d96abf2dbb960956ffc5c956d9
1756325325812,api,694,982249,eleven_turbo_v2,c9caa7365b49e8e9d20ee902ae45f6053b3fa77f
1756325329495,api,763,1177436,eleven_turbo_v2,b13650d9054289ab9d71d8d3b04578093f927c6f
1756325329508,api,672,430080,eleven_turbo_v2,a16df46df805a360b6ad4c523baa4013d3fc1a41
1756325333235,api,831,1085485,eleven_turbo_v2,cf46139bcc50ec74c07ffac79be781a8c3de1f27
1756325336756,api,720,1097187,eleven_turbo_v2,d1bd88760c405d9186b5914743d2816de9d54492
1756325340408,api,778,1194572,eleven_turbo_v2,fdf6a71b10a283e2d2be773454423f56f5f06913
1756325344086,api,716,1146507,eleven_turbo_v2,741a8366db521e115db2a22d5a90d00db8a1910b
1756325349370,api,800,1715767,eleven_turbo_v2,3be2a65c5003f8ca741e59fe231b8f654d040b0a
1756325355084,api,1023,1919731,eleven_turbo_v2,b648a7e4fa62b4cb74812998cc64b5f41d7189c7
1756325360939,api,867,2114500,eleven_turbo_v2,9841eb9e43cd69a9ac7d35af0207508807b78f69
1756325366741,api,899,1996636,eleven_turbo_v2,293907648f59a26f0b12254e07ca0ae046b2c9f0
1756325369075,api,864,430080,eleven_turbo_v2,d9f02976ad88cbec00fd7376fff6a16ba78fc19d
1756329126589,api,33,0,eleven_turbo_v2,f0088f7e7edca34eed23419abd731c6f53ad554d
1756329129092,api,858,147456,eleven_turbo_v2,f0088f7e7edca34eed23419abd731c6f53ad554d
1756329153994,api,1025,1115160,eleven_turbo_v2,c23afd2a4a77b32904cc3e1d4a35503d0a4cc52c
1756329157601,api,718,1161971,eleven_turbo_v2,9ef9949cd06dbd07948bf36f3c534800b378b506
1756329161078,api,698,1127698,eleven_turbo_v2,08d13880848641c27b9fdfdd68ab02f1e397de99
1756329164450,api,780,1097187,eleven_turbo_v2,0575d97452f4f0fc7a501ddf01ef95eea4c65833
1756329167757,api,701,1081723,eleven_turbo_v2,f779ddd085cd3bf3347b4e2150fbe87bc1bce374
1756329170031,api,771,147456,eleven_turbo_v2,67caa709f12cac5b13772665529a10b951ce89e3
1756332042694,disk,0,1115160,eleven_turbo_v2,c23afd2a4a77b32904cc3e1d4a35503d0a4cc52c
1756332246139,disk,0,1115160,eleven_turbo_v2,c23afd2a4a77b32904cc3e1d4a35503d0a4cc52c
1756332246142,disk,0,1161971,eleven_turbo_v2,9ef9949cd06dbd07948bf36f3c534800b378b506
1756332246146,disk,0,1127698,eleven_turbo_v2,08d13880848641c27b9fdfdd68ab02f1e397de99
1756332246149,disk,0,1097187,eleven_turbo_v2,0575d97452f4f0fc7a501ddf01ef95eea4c65833
1756332246151,disk,0,1081723,eleven_turbo_v2,f779ddd085cd3bf3347b4e2150fbe87bc1bce374
1756332246163,disk,0,147456,eleven_turbo_v2,67caa709f12cac5b13772665529a10b951ce89e3
1756332260167,api,860,598016,eleven_turbo_v2,1ee7659fbd4b73b9ef42afd7bf75cd6a11cce417
1756339237526,disk,0,8192,eleven_turbo_v2,b33f97a65fc14e0e743828bde0c79eeeb4e77e16
1756339254095,api,219,0,eleven_turbo_v2,b2a55398ef776cf5cbad0baa8746fa732f12df28
1756339254174,api,77,0,eleven_turbo_v2,e8fe741a21168e21d95b496fb8e796491e124fac
1756339254246,api,71,0,eleven_turbo_v2,6bd7ec70bfde9f0c18b771da55e452d97282f310
1756339254307,api,61,0,eleven_turbo_v2,e3059d46d44ad360b962a424c34bac21aec7d125
1756339254395,api,71,0,eleven_turbo_v2,d68649b9898d6b6a9574aa350e93a0a282886c55
1756339254466,api,71,0,eleven_turbo_v2,62ac6d144ccfea5b28022aab8785a528f240fb36
1756339254570,api,93,0,eleven_turbo_v2,0de980ad81eb40889edd424c2a9b025460d52f5c
1756339254664,api,88,0,eleven_turbo_v2,04a8d1fcec2710a38d9c8802d30577897b13000b
1756339254714,api,48,0,eleven_turbo_v2,667004c5c5857061173da49f6c9de06645e4dcb3
1756339254782,api,68,0,eleven_turbo_v2,e7ab13d288f46b721ab487226f114f2317633215
1756339254871,api,87,0,eleven_turbo_v2,caaa8097b2efb177d541681757b52d09c6f56b8d
1756339254966,api,94,0,eleven_turbo_v2,a986052dc175baa16026effac79b74bdead8daf9
1756339255078,api,111,0,eleven_turbo_v2,d19f629dc59e081e80a5c6517aaedea1354c2f43
1756339255214,api,135,0,eleven_turbo_v2,a88c499928220227df98ad2f9a49fb1256f1788e
1756339255331,api,115,0,eleven_turbo_v2,4190f48908851e818965de8e1c3e802615fb4ea1
1756339255424,api,92,0,eleven_turbo_v2,aba443ef72a1cf97657de0fb4133dc417e51b8b7
1756339255507,api,83,0,eleven_turbo_v2,e9b4f9a190882d2c9edb93271b10cd6157ad3f55
1756339255584,api,76,0,eleven_turbo_v2,96044f37d054e0fa4515c7976ee45354c5c738a4
1756339255659,api,68,0,eleven_turbo_v2,85c4c760f81757ff1a8d1e1ae4ec31a072b07b1f
1756339255768,api,108,0,eleven_turbo_v2,8c56eca998d9aada77a198244c2c4a2be05c8b27
1756339255824,api,56,0,eleven_turbo_v2,f39999169c7441b30c1dd78c808b014f522afb2d
1756339255894,api,69,0,eleven_turbo_v2,35d99c24528986b0ebcddd5605fa3450a8437003
1756339255949,api,55,0,eleven_turbo_v2,fc33981137e35aaacea11fae59110668278852a1
1756339256023,api,73,0,eleven_turbo_v2,9f922771ab7ded609f2c33fbd4ed3cb5adcb1d9a
1756339256075,api,52,0,eleven_turbo_v2,499bd655587c2a68dad6dc301c493cb82f292510
1756339256205,api,130,0,eleven_turbo_v2,128d105562c152ca60d97ac52c7098513aeb09e3
1756339256324,api,118,0,eleven_turbo_v2,7b4e11d3c2835491f82c219043268c95c3eba33c
1756339256424,api,99,0,eleven_turbo_v2,ae2d02d23a0b14095d60efdc10f59116328a50e9
1756339256493,api,53,0,eleven_turbo_v2,fb90c52d8d5b7e1af97db74b10d90b014f19d6dc
1756339256588,api,95,0,eleven_turbo_v2,708eeed464d2d25e405f209c8503856b9aa2010a
1756339256641,api,52,0,eleven_turbo_v2,c5f113b06a7a8be36f2fca56c25509fa21233140
1756339256715,api,74,0,eleven_turbo_v2,f99ae5a9e44dc34187c61cd9943fe4e08e05a8ca
1756339256776,api,59,0,eleven_turbo_v2,68850fc0f8f7afdf57a5f6916a5ec6be883a5752
1756339256842,api,64,0,eleven_turbo_v2,c604bdd57ae1dd7436177f51a6d353a6eeee0152
1756339256966,api,122,0,eleven_turbo_v2,fd9a266da98e4552e4e02d322473817507220b98
1756339257027,api,60,0,eleven_turbo_v2,0994682f72a77b354fc73a49b650caec0ab75c43
1756339257166,api,138,0,eleven_turbo_v2,af98f6d444df8a1296507f0156f19a34aee41146
1756339257240,api,74,0,eleven_turbo_v2,157e1c8db3d835e7d4f37d7f5d569fccd3f15e44
1756339257292,api,50,0,eleven_turbo_v2,41d879d4c44c7734c0e7a123b3d53bcabc39a6db
1756339257379,api,85,0,eleven_turbo_v2,4a57b9dd734a7c0741187c06157b5829674fc4e4
1756339257456,api,77,0,eleven_turbo_v2,958b5e2ba17052e45ee7df949e04160306e54b83
1756339257559,api,100,0,eleven_turbo_v2,6afc89ded3ad4b0498c91fde53cd330799cf18ba
1756339257697,api,137,0,eleven_turbo_v2,1c0fcecd934db8091cf95ff5a6f4738f5f6c1499
1756339257843,api,146,0,eleven_turbo_v2,3178055de674d1b0e52957cf28797f03c7b848d5
1756339257899,api,53,0,eleven_turbo_v2,ceacac2842f71b5e74baf344ac656a9b23433121
1756339257959,api,57,0,eleven_turbo_v2,1c1e50a1ed8e25ea84ebe53600ecb15dbba92ea0
1756339258088,api,128,0,eleven_turbo_v2,136028a27a0900e63fa08b40c4549b25b8995dd3
1756339258188,api,99,0,eleven_turbo_v2,d61d7ca5ea2aade0f8b0f7ddc7ca8e6c7336f2a6
1756339258252,api,64,0,eleven_turbo_v2,0b5aac5aca9f6c52c3b79ac4efc7e6222ac480b3
1756339258339,api,86,0,eleven_turbo_v2,9fd8b571179d3ef3a5f808d4af4f1bd9726f20cb
1756339258408,api,69,0,eleven_turbo_v2,db22c406853699cd01e89f06102526f5a7412d2b
1756339258459,api,49,0,eleven_turbo_v2,2cd6871d3b9cfadce65ebc460034e1f08825b51a
1756339258545,api,74,0,eleven_turbo_v2,0d1950ec195f0de58589c09950b9de6e4ee47857
1756339258629,api,83,0,eleven_turbo_v2,3af6e477e0680fb3aedc9fa6cbbe3e4cdbfdd312
1756339258708,api,79,0,eleven_turbo_v2,cf5ff2c242031b6e986ff0925b38ecee4d2db9e3
1756339258822,api,114,0,eleven_turbo_v2,11c8ef0f5a81f3888c278312afbd236d9a630b08
1756339258894,api,71,0,eleven_turbo_v2,7248fae6f1a32227271cb5058eadc7cda23f9c8c
1756339325528,api,172,0,eleven_turbo_v2,73a6b1d32bb2ed663043696f911ee0148630001e
1756339345641,api,33,0,eleven_turbo_v2,73a6b1d32bb2ed663043696f911ee0148630001e
1756339346041,api,200,0,eleven_turbo_v2,73a6b1d32bb2ed663043696f911ee0148630001e
1756339509509,disk,0,8192,eleven_turbo_v2,b33f97a65fc14e0e743828bde0c79eeeb4e77e16
1756339515991,api,281,0,eleven_turbo_v2,d8b624953c44b1a61db2f5b7ecf841a3a1c682c3
1756339687955,api,261,0,eleven_turbo_v2,b2a55398ef776cf5cbad0baa8746fa732f12df28
1756339688065,api,94,0,eleven_turbo_v2,e8fe741a21168e21d95b496fb8e796491e124fac
1756339688122,api,57,0,eleven_turbo_v2,6bd7ec70bfde9f0c18b771da55e452d97282f310
1756339688192,api,69,0,eleven_turbo_v2,e3059d46d44ad360b962a424c34bac21aec7d125
1756339688257,api,65,0,eleven_turbo_v2,d68649b9898d6b6a9574aa350e93a0a282886c55
1756339688324,api,66,0,eleven_turbo_v2,62ac6d144ccfea5b28022aab8785a528f240fb36
1756339688393,api,69,0,eleven_turbo_v2,0de980ad81eb40889edd424c2a9b025460d52f5c
1756339688458,api,65,0,eleven_turbo_v2,04a8d1fcec2710a38d9c8802d30577897b13000b
1756339688506,api,46,0,eleven_turbo_v2,667004c5c5857061173da49f6c9de06645e4dcb3
1756339688575,api,68,0,eleven_turbo_v2,e7ab13d288f46b721ab487226f114f2317633215
1756339688624,api,47,0,eleven_turbo_v2,caaa8097b2efb177d541681757b52d09c6f56b8d
1756339688695,api,70,0,eleven_turbo_v2,a986052dc175baa16026effac79b74bdead8daf9
1756339688801,api,106,0,eleven_turbo_v2,d19f629dc59e081e80a5c6517aaedea1354c2f43
1756339688866,api,63,0,eleven_turbo_v2,a88c499928220227df98ad2f9a49fb1256f1788e
1756339688934,api,67,0,eleven_turbo_v2,4190f48908851e818965de8e1c3e802615fb4ea1
1756339689066,api,130,0,eleven_turbo_v2,aba443ef72a1cf97657de0fb4133dc417e51b8b7
1756339689128,api,62,0,eleven_turbo_v2,e9b4f9a190882d2c9edb93271b10cd6157ad3f55
1756339689205,api,77,0,eleven_turbo_v2,96044f37d054e0fa4515c7976ee45354c5c738a4
1756339689257,api,52,0,eleven_turbo_v2,85c4c760f81757ff1a8d1e1ae4ec31a072b07b1f
1756339689332,api,75,0,eleven_turbo_v2,8c56eca998d9aada77a198244c2c4a2be05c8b27
1756339689390,api,57,0,eleven_turbo_v2,f39999169c7441b30c1dd78c808b014f522afb2d
1756339689470,api,64,0,eleven_turbo_v2,35d99c24528986b0ebcddd5605fa3450a8437003
1756339689565,api,94,0,eleven_turbo_v2,fc33981137e35aaacea11fae59110668278852a1
1756339689626,api,60,0,eleven_turbo_v2,9f922771ab7ded609f2c33fbd4ed3cb5adcb1d9a
1756339689674,api,46,0,eleven_turbo_v2,499bd655587c2a68dad6dc301c493cb82f292510
1756339689789,api,99,0,eleven_turbo_v2,128d105562c152ca60d97ac52c7098513aeb09e3
1756339689840,api,50,0,eleven_turbo_v2,7b4e11d3c2835491f82c219043268c95c3eba33c
1756339689907,api,66,0,eleven_turbo_v2,ae2d02d23a0b14095d60efdc10f59116328a50e9
1756339689973,api,65,0,eleven_turbo_v2,fb90c52d8d5b7e1af97db74b10d90b014f19d6dc
1756339690071,api,96,0,eleven_turbo_v2,708eeed464d2d25e405f209c8503856b9aa2010a
1756339690171,api,100,0,eleven_turbo_v2,c5f113b06a7a8be36f2fca56c25509fa21233140
1756339690311,api,139,0,eleven_turbo_v2,f99ae5a9e44dc34187c61cd9943fe4e08e05a8ca
1756339690357,api,45,0,eleven_turbo_v2,68850fc0f8f7afdf57a5f6916a5ec6be883a5752
1756339690437,api,79,0,eleven_turbo_v2,c604bdd57ae1dd7436177f51a6d353a6eeee0152
1756339690541,api,104,0,eleven_turbo_v2,fd9a266da98e4552e4e02d322473817507220b98
1756339690589,api,48,0,eleven_turbo_v2,0994682f72a77b354fc73a49b650caec0ab75c43
1756339690672,api,83,0,eleven_turbo_v2,af98f6d444df8a1296507f0156f19a34aee41146
1756339690799,api,111,0,eleven_turbo_v2,157e1c8db3d835e7d4f37d7f5d569fccd3f15e44
1756339690884,api,84,0,eleven_turbo_v2,41d879d4c44c7734c0e7a123b3d53bcabc39a6db
1756339690966,api,81,0,eleven_turbo_v2,4a57b9dd734a7c0741187c06157b5829674fc4e4
1756339691024,api,57,0,eleven_turbo_v2,958b5e2ba17052e45ee7df949e04160306e54b83
1756339691074,api,50,0,eleven_turbo_v2,6afc89ded3ad4b0498c91fde53cd330799cf18ba
1756339691205,api,131,0,eleven_turbo_v2,1c0fcecd934db8091cf95ff5a6f4738f5f6c1499
1756339691284,api,78,0,eleven_turbo_v2,3178055de674d1b0e52957cf28797f03c7b848d5
1756339691341,api,56,0,eleven_turbo_v2,ceacac2842f71b5e74baf344ac656a9b23433121
1756339691437,api,95,0,eleven_turbo_v2,1c1e50a1ed8e25ea84ebe53600ecb15dbba92ea0
1756339691499,api,62,0,eleven_turbo_v2,136028a27a0900e63fa08b40c4549b25b8995dd3
1756339691573,api,72,0,eleven_turbo_v2,d61d7ca5ea2aade0f8b0f7ddc7ca8e6c7336f2a6
1756339691672,api,99,0,eleven_turbo_v2,0b5aac5aca9f6c52c3b79ac4efc7e6222ac480b3
1756339691742,api,53,0,eleven_turbo_v2,9fd8b571179d3ef3a5f808d4af4f1bd9726f20cb
1756339691830,api,88,0,eleven_turbo_v2,db22c406853699cd01e89f06102526f5a7412d2b
1756339691901,api,70,0,eleven_turbo_v2,2cd6871d3b9cfadce65ebc460034e1f08825b51a
1756339691972,api,70,0,eleven_turbo_v2,0d1950ec195f0de58589c09950b9de6e4ee47857
1756339692081,api,109,0,eleven_turbo_v2,3af6e477e0680fb3aedc9fa6cbbe3e4cdbfdd312
1756339692206,api,124,0,eleven_turbo_v2,cf5ff2c242031b6e986ff0925b38ecee4d2db9e3
1756339692316,api,109,0,eleven_turbo_v2,11c8ef0f5a81f3888c278312afbd236d9a630b08
1756339692393,api,77,0,eleven_turbo_v2,7248fae6f1a32227271cb5058eadc7cda23f9c8c
1756339701939,api,155,0,eleven_turbo_v2,b2a55398ef776cf5cbad0baa8746fa732f12df28
1756339702048,api,108,0,eleven_turbo_v2,e8fe741a21168e21d95b496fb8e796491e124fac
1756339702103,api,54,0,eleven_turbo_v2,6bd7ec70bfde9f0c18b771da55e452d97282f310
1756339702146,api,42,0,eleven_turbo_v2,e3059d46d44ad360b962a424c34bac21aec7d125
1756339702208,api,51,0,eleven_turbo_v2,d68649b9898d6b6a9574aa350e93a0a282886c55
1756339702305,api,97,0,eleven_turbo_v2,62ac6d144ccfea5b28022aab8785a528f240fb36
1756339702378,api,72,0,eleven_turbo_v2,0de980ad81eb40889edd424c2a9b025460d52f5c
1756339702440,api,62,0,eleven_turbo_v2,04a8d1fcec2710a38d9c8802d30577897b13000b
1756339702557,api,116,0,eleven_turbo_v2,667004c5c5857061173da49f6c9de06645e4dcb3
1756339702607,api,50,0,eleven_turbo_v2,e7ab13d288f46b721ab487226f114f2317633215
1756339702674,api,66,0,eleven_turbo_v2,caaa8097b2efb177d541681757b52d09c6f56b8d
1756339702727,api,52,0,eleven_turbo_v2,a986052dc175baa16026effac79b74bdead8daf9
1756339702832,api,105,0,eleven_turbo_v2,d19f629dc59e081e80a5c6517aaedea1354c2f43
1756339702905,api,71,0,eleven_turbo_v2,a88c499928220227df98ad2f9a49fb1256f1788e
1756339702964,api,57,0,eleven_turbo_v2,4190f48908851e818965de8e1c3e802615fb4ea1
1756339703066,api,100,0,eleven_turbo_v2,aba443ef72a1cf97657de0fb4133dc417e51b8b7
1756339703125,api,59,0,eleven_turbo_v2,e9b4f9a190882d2c9edb93271b10cd6157ad3f55
1756339703176,api,48,0,eleven_turbo_v2,96044f37d054e0fa4515c7976ee45354c5c738a4
1756339703276,api,100,0,eleven_turbo_v2,85c4c760f81757ff1a8d1e1ae4ec31a072b07b1f
1756339703347,api,70,0,eleven_turbo_v2,8c56eca998d9aada77a198244c2c4a2be05c8b27
1756339703440,api,91,0,eleven_turbo_v2,f39999169c7441b30c1dd78c808b014f522afb2d
1756339703541,api,101,0,eleven_turbo_v2,35d99c24528986b0ebcddd5605fa3450a8437003
1756339703633,api,92,0,eleven_turbo_v2,fc33981137e35aaacea11fae59110668278852a1
1756339703700,api,65,0,eleven_turbo_v2,9f922771ab7ded609f2c33fbd4ed3cb5adcb1d9a
1756339703804,api,101,0,eleven_turbo_v2,499bd655587c2a68dad6dc301c493cb82f292510
1756339703862,api,55,0,eleven_turbo_v2,128d105562c152ca60d97ac52c7098513aeb09e3
1756339703960,api,95,0,eleven_turbo_v2,7b4e11d3c2835491f82c219043268c95c3eba33c
1756339704079,api,118,0,eleven_turbo_v2,ae2d02d23a0b14095d60efdc10f59116328a50e9
1756339704146,api,65,0,eleven_turbo_v2,fb90c52d8d5b7e1af97db74b10d90b014f19d6dc
1756339704199,api,51,0,eleven_turbo_v2,708eeed464d2d25e405f209c8503856b9aa2010a
1756339704263,api,63,0,eleven_turbo_v2,c5f113b06a7a8be36f2fca56c25509fa21233140
1756339704333,api,68,0,eleven_turbo_v2,f99ae5a9e44dc34187c61cd9943fe4e08e05a8ca
1756339704398,api,63,0,eleven_turbo_v2,68850fc0f8f7afdf57a5f6916a5ec6be883a5752
1756339704475,api,67,0,eleven_turbo_v2,c604bdd57ae1dd7436177f51a6d353a6eeee0152
1756339704580,api,103,0,eleven_turbo_v2,fd9a266da98e4552e4e02d322473817507220b98
1756339704653,api,70,0,eleven_turbo_v2,0994682f72a77b354fc73a49b650caec0ab75c43
1756339704710,api,55,0,eleven_turbo_v2,af98f6d444df8a1296507f0156f19a34aee41146
1756339704761,api,49,0,eleven_turbo_v2,157e1c8db3d835e7d4f37d7f5d569fccd3f15e44
1756339704863,api,101,0,eleven_turbo_v2,41d879d4c44c7734c0e7a123b3d53bcabc39a6db
1756339704930,api,66,0,eleven_turbo_v2,4a57b9dd734a7c0741187c06157b5829674fc4e4
1756339705014,api,81,0,eleven_turbo_v2,958b5e2ba17052e45ee7df949e04160306e54b83
1756339705057,api,43,0,eleven_turbo_v2,6afc89ded3ad4b0498c91fde53cd330799cf18ba
1756339705158,api,101,0,eleven_turbo_v2,1c0fcecd934db8091cf95ff5a6f4738f5f6c1499
1756339705271,api,113,0,eleven_turbo_v2,3178055de674d1b0e52957cf28797f03c7b848d5
1756339705340,api,68,0,eleven_turbo_v2,ceacac2842f71b5e74baf344ac656a9b23433121
1756339705439,api,98,0,eleven_turbo_v2,1c1e50a1ed8e25ea84ebe53600ecb15dbba92ea0
1756339705491,api,52,0,eleven_turbo_v2,136028a27a0900e63fa08b40c4549b25b8995dd3
1756339705558,api,66,0,eleven_turbo_v2,d61d7ca5ea2aade0f8b0f7ddc7ca8e6c7336f2a6
1756339705636,api,77,0,eleven_turbo_v2,0b5aac5aca9f6c52c3b79ac4efc7e6222ac480b3
1756339705690,api,53,0,eleven_turbo_v2,9fd8b571179d3ef3a5f808d4af4f1bd9726f20cb
1756339705775,api,84,0,eleven_turbo_v2,db22c406853699cd01e89f06102526f5a7412d2b
1756339705824,api,49,0,eleven_turbo_v2,2cd6871d3b9cfadce65ebc460034e1f08825b51a
1756339705941,api,115,0,eleven_turbo_v2,0d1950ec195f0de58589c09950b9de6e4ee47857
1756339706074,api,132,0,eleven_turbo_v2,3af6e477e0680fb3aedc9fa6cbbe3e4cdbfdd312
1756339706174,api,99,0,eleven_turbo_v2,cf5ff2c242031b6e986ff0925b38ecee4d2db9e3
1756339706263,api,89,0,eleven_turbo_v2,11c8ef0f5a81f3888c278312afbd236d9a630b08
1756339706324,api,60,0,eleven_turbo_v2,7248fae6f1a32227271cb5058eadc7cda23f9c8c
1756339814830,api,187,0,eleven_turbo_v2,b2a55398ef776cf5cbad0baa8746fa732f12df28
1756339814924,api,93,0,eleven_turbo_v2,e8fe741a21168e21d95b496fb8e796491e124fac
1756339815034,api,109,0,eleven_turbo_v2,6bd7ec70bfde9f0c18b771da55e452d97282f310
1756339815127,api,93,0,eleven_turbo_v2,e3059d46d44ad360b962a424c34bac21aec7d125
1756339815179,api,52,0,eleven_turbo_v2,d68649b9898d6b6a9574aa350e93a0a282886c55
1756339815247,api,67,0,eleven_turbo_v2,62ac6d144ccfea5b28022aab8785a528f240fb36
1756339815313,api,66,0,eleven_turbo_v2,0de980ad81eb40889edd424c2a9b025460d52f5c
1756339815397,api,81,0,eleven_turbo_v2,04a8d1fcec2710a38d9c8802d30577897b13000b
1756339815472,api,74,0,eleven_turbo_v2,667004c5c5857061173da49f6c9de06645e4dcb3
1756339815543,api,67,0,eleven_turbo_v2,e7ab13d288f46b721ab487226f114f2317633215
1756339815691,api,147,0,eleven_turbo_v2,caaa8097b2efb177d541681757b52d09c6f56b8d
1756339815752,api,59,0,eleven_turbo_v2,a986052dc175baa16026effac79b74bdead8daf9
1756339815815,api,61,0,eleven_turbo_v2,d19f629dc59e081e80a5c6517aaedea1354c2f43
1756339815906,api,90,0,eleven_turbo_v2,a88c499928220227df98ad2f9a49fb1256f1788e
1756339815973,api,67,0,eleven_turbo_v2,4190f48908851e818965de8e1c3e802615fb4ea1
1756339816041,api,67,0,eleven_turbo_v2,aba443ef72a1cf97657de0fb4133dc417e51b8b7
1756339816091,api,49,0,eleven_turbo_v2,e9b4f9a190882d2c9edb93271b10cd6157ad3f55
1756339816157,api,53,0,eleven_turbo_v2,96044f37d054e0fa4515c7976ee45354c5c738a4
1756339816270,api,113,0,eleven_turbo_v2,85c4c760f81757ff1a8d1e1ae4ec31a072b07b1f
1756339816326,api,54,0,eleven_turbo_v2,8c56eca998d9aada77a198244c2c4a2be05c8b27
1756339816395,api,68,0,eleven_turbo_v2,f39999169c7441b30c1dd78c808b014f522afb2d
1756339816440,api,45,0,eleven_turbo_v2,35d99c24528986b0ebcddd5605fa3450a8437003
1756339816540,api,99,0,eleven_turbo_v2,fc33981137e35aaacea11fae59110668278852a1
1756339816607,api,66,0,eleven_turbo_v2,9f922771ab7ded609f2c33fbd4ed3cb5adcb1d9a
1756339816657,api,49,0,eleven_turbo_v2,499bd655587c2a68dad6dc301c493cb82f292510
1756339816723,api,65,0,eleven_turbo_v2,128d105562c152ca60d97ac52c7098513aeb09e3
1756339816781,api,56,0,eleven_turbo_v2,7b4e11d3c2835491f82c219043268c95c3eba33c
1756339816838,api,56,0,eleven_turbo_v2,ae2d02d23a0b14095d60efdc10f59116328a50e9
1756339816890,api,50,0,eleven_turbo_v2,fb90c52d8d5b7e1af97db74b10d90b014f19d6dc
1756339816957,api,67,0,eleven_turbo_v2,708eeed464d2d25e405f209c8503856b9aa2010a
1756339817066,api,108,0,eleven_turbo_v2,c5f113b06a7a8be36f2fca56c25509fa21233140
1756339817143,api,76,0,eleven_turbo_v2,f99ae5a9e44dc34187c61cd9943fe4e08e05a8ca
1756339817207,api,64,0,eleven_turbo_v2,68850fc0f8f7afdf57a5f6916a5ec6be883a5752
1756339817302,api,95,0,eleven_turbo_v2,c604bdd57ae1dd7436177f51a6d353a6eeee0152
1756339817358,api,53,0,eleven_turbo_v2,fd9a266da98e4552e4e02d322473817507220b98
1756339817456,api,97,0,eleven_turbo_v2,0994682f72a77b354fc73a49b650caec0ab75c43
1756339817523,api,51,0,eleven_turbo_v2,af98f6d444df8a1296507f0156f19a34aee41146
1756339817594,api,70,0,eleven_turbo_v2,157e1c8db3d835e7d4f37d7f5d569fccd3f15e44
1756339817706,api,111,0,eleven_turbo_v2,41d879d4c44c7734c0e7a123b3d53bcabc39a6db
1756339817807,api,98,0,eleven_turbo_v2,4a57b9dd734a7c0741187c06157b5829674fc4e4
1756339817857,api,48,0,eleven_turbo_v2,958b5e2ba17052e45ee7df949e04160306e54b83
1756339818022,api,164,0,eleven_turbo_v2,6afc89ded3ad4b0498c91fde53cd330799cf18ba
1756339818093,api,70,0,eleven_turbo_v2,1c0fcecd934db8091cf95ff5a6f4738f5f6c1499
1756339818276,api,182,0,eleven_turbo_v2,3178055de674d1b0e52957cf28797f03c7b848d5
1756339818362,api,86,0,eleven_turbo_v2,ceacac2842f71b5e74baf344ac656a9b23433121
1756339818503,api,140,0,eleven_turbo_v2,1c1e50a1ed8e25ea84ebe53600ecb15dbba92ea0
1756339818645,api,142,0,eleven_turbo_v2,136028a27a0900e63fa08b40c4549b25b8995dd3
1756339818759,api,114,0,eleven_turbo_v2,d61d7ca5ea2aade0f8b0f7ddc7ca8e6c7336f2a6
1756339818880,api,107,0,eleven_turbo_v2,0b5aac5aca9f6c52c3b79ac4efc7e6222ac480b3
1756339819033,api,153,0,eleven_turbo_v2,9fd8b571179d3ef3a5f808d4af4f1bd9726f20cb
1756339819090,api,56,0,eleven_turbo_v2,db22c406853699cd01e89f06102526f5a7412d2b
1756339819190,api,100,0,eleven_turbo_v2,2cd6871d3b9cfadce65ebc460034e1f08825b51a
1756339820473,api,1282,0,eleven_turbo_v2,0d1950ec195f0de58589c09950b9de6e4ee47857
1756339820674,api,199,0,eleven_turbo_v2,3af6e477e0680fb3aedc9fa6cbbe3e4cdbfdd312
1756339820739,api,64,0,eleven_turbo_v2,cf5ff2c242031b6e986ff0925b38ecee4d2db9e3
1756339820877,api,124,0,eleven_turbo_v2,11c8ef0f5a81f3888c278312afbd236d9a630b08
1756339820958,api,80,0,eleven_turbo_v2,7248fae6f1a32227271cb5058eadc7cda23f9c8c
1756407395001,MISS,0,25122,eleven_turbo_v2,f6cd0c343813a59ce22e08e5df0ae3a6ecc2a9ab6c7b956dba7a35fdb033069e
